universe,universe_name,symbol,security_id,exchange_segment,instrument_type,company_name,series,source,mapping_status,source_symbol
hemant_good_200,Hemant Good 200,RRKABEL,18566,NSE_EQ,EQUITY,RR Kabel,EQ,data/universes/sources/hemant_good_200.csv,mapped,RRKABEL
hemant_good_200,Hemant Good 200,CLEAN,5049,NSE_EQ,EQUITY,Clean Science & Technology,EQ,data/universes/sources/hemant_good_200.csv,mapped,CLEAN
hemant_good_200,Hemant Good 200,VGUARD,15362,NSE_EQ,EQUITY,V-Guard Industries,EQ,data/universes/sources/hemant_good_200.csv,mapped,VGUARD
hemant_good_200,Hemant Good 200,BEML,395,NSE_EQ,EQUITY,BEML,EQ,data/universes/sources/hemant_good_200.csv,mapped,BEML
hemant_good_200,Hemant Good 200,INGERRAND,1597,NSE_EQ,EQUITY,Ingersoll Rand,EQ,data/universes/sources/hemant_good_200.csv,mapped,INGERRAND
hemant_good_200,Hemant Good 200,VESUVIUS,3676,NSE_EQ,EQUITY,Vesuvius,EQ,data/universes/sources/hemant_good_200.csv,mapped,VESUVIUS
hemant_good_200,Hemant Good 200,HAPPYFORGE,20854,NSE_EQ,EQUITY,Happy Forgings,EQ,data/universes/sources/hemant_good_200.csv,mapped,HAPPYFORGE
hemant_good_200,Hemant Good 200,KPIGREEN,5108,NSE_EQ,EQUITY,KPI Green Energy,EQ,data/universes/sources/hemant_good_200.csv,mapped,KPIGREEN
hemant_good_200,Hemant Good 200,INTELLECT,5926,NSE_EQ,EQUITY,Intellect Design Arena,EQ,data/universes/sources/hemant_good_200.csv,mapped,INTELLECT
hemant_good_200,Hemant Good 200,FDC,4898,NSE_EQ,EQUITY,FDC,EQ,data/universes/sources/hemant_good_200.csv,mapped,FDC
hemant_good_200,Hemant Good 200,LGBBROSLTD,18321,NSE_EQ,EQUITY,LG Balakrishnan & Bros,EQ,data/universes/sources/hemant_good_200.csv,mapped,LGBBROSLTD
hemant_good_200,Hemant Good 200,SUVENPHAR,,,,,,data/universes/sources/hemant_good_200.csv,missing_security_id,SUVENPHAR
hemant_good_200,Hemant Good 200,RAILTEL,2431,NSE_EQ,EQUITY,Railtel Corporation of India,EQ,data/universes/sources/hemant_good_200.csv,mapped,RAILTEL
hemant_good_200,Hemant Good 200,BIKAJI,11966,NSE_EQ,EQUITY,Bikaji Foods International,EQ,data/universes/sources/hemant_good_200.csv,mapped,BIKAJI
hemant_good_200,Hemant Good 200,DHANUKA,24409,NSE_EQ,EQUITY,Dhanuka Agritech,EQ,data/universes/sources/hemant_good_200.csv,mapped,DHANUKA
hemant_good_200,Hemant Good 200,TITAGARH,15414,NSE_EQ,EQUITY,Titagarh Rail Systems,EQ,data/universes/sources/hemant_good_200.csv,mapped,TITAGARH
hemant_good_200,Hemant Good 200,SATIN,10453,NSE_EQ,EQUITY,Satin Creditcare,EQ,data/universes/sources/hemant_good_200.csv,mapped,SATIN
hemant_good_200,Hemant Good 200,NEWGEN,1164,NSE_EQ,EQUITY,Newgen Software Technologies,EQ,data/universes/sources/hemant_good_200.csv,mapped,NEWGEN
hemant_good_200,Hemant Good 200,MASFIN,199,NSE_EQ,EQUITY,MAS Financial Services,EQ,data/universes/sources/hemant_good_200.csv,mapped,MASFIN
hemant_good_200,Hemant Good 200,MUTHOOTMF,20831,NSE_EQ,EQUITY,Muthoot Microfin,EQ,data/universes/sources/hemant_good_200.csv,mapped,MUTHOOTMF
hemant_good_200,Hemant Good 200,ANANDRATHI,7145,NSE_EQ,EQUITY,Anand Rathi Wealth,EQ,data/universes/sources/hemant_good_200.csv,mapped,ANANDRATHI
hemant_good_200,Hemant Good 200,KSCL,14972,NSE_EQ,EQUITY,Kaveri Seed Company,EQ,data/universes/sources/hemant_good_200.csv,mapped,KSCL
hemant_good_200,Hemant Good 200,GALAXYSURF,1315,NSE_EQ,EQUITY,Galaxy Surfactants,EQ,data/universes/sources/hemant_good_200.csv,mapped,GALAXYSURF
hemant_good_200,Hemant Good 200,JYOTICNC,21334,NSE_EQ,EQUITY,Jyoti CNC Automation,EQ,data/universes/sources/hemant_good_200.csv,mapped,JYOTICNC
hemant_good_200,Hemant Good 200,GAEL,8828,NSE_EQ,EQUITY,Gujarat Ambuja Exports,EQ,data/universes/sources/hemant_good_200.csv,mapped,GAEL
hemant_good_200,Hemant Good 200,POLYMED,25718,NSE_EQ,EQUITY,Poly Medicure,EQ,data/universes/sources/hemant_good_200.csv,mapped,POLYMED
hemant_good_200,Hemant Good 200,SHARDAMOTR,10530,NSE_EQ,EQUITY,Sharda Motor,EQ,data/universes/sources/hemant_good_200.csv,mapped,SHARDAMOTR
hemant_good_200,Hemant Good 200,TECHNOE,6445,NSE_EQ,EQUITY,Techno Electric & Engineering,EQ,data/universes/sources/hemant_good_200.csv,mapped,TECHNOE
hemant_good_200,Hemant Good 200,KFINTECH,13359,NSE_EQ,EQUITY,KFin Technologies,EQ,data/universes/sources/hemant_good_200.csv,mapped,KFINTECH
hemant_good_200,Hemant Good 200,VOLTAMP,13577,NSE_EQ,EQUITY,Voltamp Transformers,EQ,data/universes/sources/hemant_good_200.csv,mapped,VOLTAMP
hemant_good_200,Hemant Good 200,SURYAROSNI,3375,NSE_EQ,EQUITY,Surya Roshni,EQ,data/universes/sources/hemant_good_200.csv,mapped,SURYAROSNI
hemant_good_200,Hemant Good 200,CONCORDBIO,18060,NSE_EQ,EQUITY,Concord Biotech,EQ,data/universes/sources/hemant_good_200.csv,mapped,CONCORDBIO
hemant_good_200,Hemant Good 200,HBLENGINE,13966,NSE_EQ,EQUITY,HBL Engineering,EQ,data/universes/sources/hemant_good_200.csv,mapped,HBLENGINE
hemant_good_200,Hemant Good 200,TRITURBINE,25584,NSE_EQ,EQUITY,Triveni Turbines,EQ,data/universes/sources/hemant_good_200.csv,mapped,TRITURBINE
hemant_good_200,Hemant Good 200,CELLO,19795,NSE_EQ,EQUITY,Cello World,EQ,data/universes/sources/hemant_good_200.csv,mapped,CELLO
hemant_good_200,Hemant Good 200,ROUTE,128,NSE_EQ,EQUITY,Route Mobile,EQ,data/universes/sources/hemant_good_200.csv,mapped,ROUTE
hemant_good_200,Hemant Good 200,NORTHARC,25426,NSE_EQ,EQUITY,Northern Arc Capital,EQ,data/universes/sources/hemant_good_200.csv,mapped,NORTHARC
hemant_good_200,Hemant Good 200,KAJARIACER,1808,NSE_EQ,EQUITY,Kajaria Ceramics,EQ,data/universes/sources/hemant_good_200.csv,mapped,KAJARIACER
hemant_good_200,Hemant Good 200,MOIL,20830,NSE_EQ,EQUITY,MOIL,EQ,data/universes/sources/hemant_good_200.csv,mapped,MOIL
hemant_good_200,Hemant Good 200,HOMEFIRST,2056,NSE_EQ,EQUITY,Home First Finance Company,EQ,data/universes/sources/hemant_good_200.csv,mapped,HOMEFIRST
hemant_good_200,Hemant Good 200,SANOFI,1442,NSE_EQ,EQUITY,Sanofi,EQ,data/universes/sources/hemant_good_200.csv,mapped,SANOFI
hemant_good_200,Hemant Good 200,AFFLE,11343,NSE_EQ,EQUITY,Affle 3i,EQ,data/universes/sources/hemant_good_200.csv,mapped,AFFLE
hemant_good_200,Hemant Good 200,CMSINFO,7603,NSE_EQ,EQUITY,CMS Info Systems,EQ,data/universes/sources/hemant_good_200.csv,mapped,CMSINFO
hemant_good_200,Hemant Good 200,MARKSANS,10579,NSE_EQ,EQUITY,Marksans Pharma,EQ,data/universes/sources/hemant_good_200.csv,mapped,MARKSANS
hemant_good_200,Hemant Good 200,GRINDWELL,13560,NSE_EQ,EQUITY,Grindwell Norton,EQ,data/universes/sources/hemant_good_200.csv,mapped,GRINDWELL
hemant_good_200,Hemant Good 200,JYOTHYLAB,15146,NSE_EQ,EQUITY,Jyothy Laboratories,EQ,data/universes/sources/hemant_good_200.csv,mapped,JYOTHYLAB
hemant_good_200,Hemant Good 200,ELECON,13643,NSE_EQ,EQUITY,Elecon Engineering Company,EQ,data/universes/sources/hemant_good_200.csv,mapped,ELECON
hemant_good_200,Hemant Good 200,RITES,3761,NSE_EQ,EQUITY,RITES,EQ,data/universes/sources/hemant_good_200.csv,mapped,RITES
hemant_good_200,Hemant Good 200,JWL,20224,NSE_EQ,EQUITY,Jupiter Wagons,EQ,data/universes/sources/hemant_good_200.csv,mapped,JWL
hemant_good_200,Hemant Good 200,WSTCSTPAPR,3799,NSE_EQ,EQUITY,West Coast Paper Mills,EQ,data/universes/sources/hemant_good_200.csv,mapped,WSTCSTPAPR
hemant_good_200,Hemant Good 200,SHAKTIPUMP,25574,NSE_EQ,EQUITY,Shakti Pumps,EQ,data/universes/sources/hemant_good_200.csv,mapped,SHAKTIPUMP
hemant_good_200,Hemant Good 200,ACE,13587,NSE_EQ,EQUITY,Action Construction Equipment,EQ,data/universes/sources/hemant_good_200.csv,mapped,ACE
hemant_good_200,Hemant Good 200,GPPL,19731,NSE_EQ,EQUITY,Gujarat Pipavav Port,EQ,data/universes/sources/hemant_good_200.csv,mapped,GPPL
hemant_good_200,Hemant Good 200,NESCO,15409,NSE_EQ,EQUITY,Nesco,EQ,data/universes/sources/hemant_good_200.csv,mapped,NESCO
hemant_good_200,Hemant Good 200,VINATIORGA,17364,NSE_EQ,EQUITY,Vinati Organics,EQ,data/universes/sources/hemant_good_200.csv,mapped,VINATIORGA
hemant_good_200,Hemant Good 200,GRSE,5475,NSE_EQ,EQUITY,Garden Reach Shipbuilders,EQ,data/universes/sources/hemant_good_200.csv,mapped,GRSE
hemant_good_200,Hemant Good 200,IMFA,19235,NSE_EQ,EQUITY,Indian Metals & Ferro Alloys,EQ,data/universes/sources/hemant_good_200.csv,mapped,IMFA
hemant_good_200,Hemant Good 200,IEX,220,NSE_EQ,EQUITY,Indian Energy Exchange,EQ,data/universes/sources/hemant_good_200.csv,mapped,IEX
hemant_good_200,Hemant Good 200,TIMKEN,14198,NSE_EQ,EQUITY,Timken,EQ,data/universes/sources/hemant_good_200.csv,mapped,TIMKEN
hemant_good_200,Hemant Good 200,HINDCOPPER,17939,NSE_EQ,EQUITY,Hindustan Copper,EQ,data/universes/sources/hemant_good_200.csv,mapped,HINDCOPPER
hemant_good_200,Hemant Good 200,TCI,10580,NSE_EQ,EQUITY,Transport Corporation of India,EQ,data/universes/sources/hemant_good_200.csv,mapped,TCI
hemant_good_200,Hemant Good 200,FINEORG,3744,NSE_EQ,EQUITY,Fine Organic Industries,EQ,data/universes/sources/hemant_good_200.csv,mapped,FINEORG
hemant_good_200,Hemant Good 200,USHAMART,8840,NSE_EQ,EQUITY,Usha Martin,EQ,data/universes/sources/hemant_good_200.csv,mapped,USHAMART
hemant_good_200,Hemant Good 200,SPLPETRO,9617,NSE_EQ,EQUITY,Supreme Petrochem,EQ,data/universes/sources/hemant_good_200.csv,mapped,SPLPETRO
hemant_good_200,Hemant Good 200,ENGINERSIN,4907,NSE_EQ,EQUITY,Engineers India,EQ,data/universes/sources/hemant_good_200.csv,mapped,ENGINERSIN
hemant_good_200,Hemant Good 200,LALPATHLAB,11654,NSE_EQ,EQUITY,Dr. Lal Path Labs,EQ,data/universes/sources/hemant_good_200.csv,mapped,LALPATHLAB
hemant_good_200,Hemant Good 200,SHAREINDIA,104,NSE_EQ,EQUITY,Share India Securities,EQ,data/universes/sources/hemant_good_200.csv,mapped,SHAREINDIA
hemant_good_200,Hemant Good 200,MAHAPEXLTD,5239,NSE_EQ,EQUITY,Maha Rashtra Apex Corporation,EQ,data/universes/sources/hemant_good_200.csv,mapped,MAHAPEXLTD
hemant_good_200,Hemant Good 200,AKZOINDIA,,,,,,data/universes/sources/hemant_good_200.csv,missing_security_id,AKZOINDIA
hemant_good_200,Hemant Good 200,CAMS,342,NSE_EQ,EQUITY,CAMS,EQ,data/universes/sources/hemant_good_200.csv,mapped,CAMS
hemant_good_200,Hemant Good 200,LINDEINDIA,1627,NSE_EQ,EQUITY,Linde,EQ,data/universes/sources/hemant_good_200.csv,mapped,LINDEINDIA
hemant_good_200,Hemant Good 200,ZFCVINDIA,16915,NSE_EQ,EQUITY,ZF Commercial,EQ,data/universes/sources/hemant_good_200.csv,mapped,ZFCVINDIA
hemant_good_200,Hemant Good 200,KIRLOSBROS,18581,NSE_EQ,EQUITY,Kirloskar Brothers,EQ,data/universes/sources/hemant_good_200.csv,mapped,KIRLOSBROS
hemant_good_200,Hemant Good 200,KRBL,10577,NSE_EQ,EQUITY,KRBL,EQ,data/universes/sources/hemant_good_200.csv,mapped,KRBL
hemant_good_200,Hemant Good 200,IGIL,28378,NSE_EQ,EQUITY,International Gemological Institute,EQ,data/universes/sources/hemant_good_200.csv,mapped,IGIL
hemant_good_200,Hemant Good 200,DBCORP,17881,NSE_EQ,EQUITY,DB Corp,EQ,data/universes/sources/hemant_good_200.csv,mapped,DBCORP
hemant_good_200,Hemant Good 200,ALIVUS,5265,NSE_EQ,EQUITY,Alivus Life Sciences,EQ,data/universes/sources/hemant_good_200.csv,mapped,ALIVUS
hemant_good_200,Hemant Good 200,CARBORUNIV,595,NSE_EQ,EQUITY,Carborundum Universal,EQ,data/universes/sources/hemant_good_200.csv,mapped,CARBORUNIV
hemant_good_200,Hemant Good 200,SANDUMA,18359,NSE_EQ,EQUITY,Sandur Manganese & Iron Ores,EQ,data/universes/sources/hemant_good_200.csv,mapped,SANDUMA
hemant_good_200,Hemant Good 200,INDIAMART,10726,NSE_EQ,EQUITY,IndiaMART InterMesh,EQ,data/universes/sources/hemant_good_200.csv,mapped,INDIAMART
hemant_good_200,Hemant Good 200,GILLETTE,1576,NSE_EQ,EQUITY,Gillette,EQ,data/universes/sources/hemant_good_200.csv,mapped,GILLETTE
hemant_good_200,Hemant Good 200,SHRIPISTON,17186,NSE_EQ,EQUITY,Shriram Pistons & Rings,EQ,data/universes/sources/hemant_good_200.csv,mapped,SHRIPISTON
hemant_good_200,Hemant Good 200,AVANTIFEED,7936,NSE_EQ,EQUITY,Avanti Feeds,EQ,data/universes/sources/hemant_good_200.csv,mapped,AVANTIFEED
hemant_good_200,Hemant Good 200,GVT&D,16783,NSE_EQ,EQUITY,GE Vernova T&D,EQ,data/universes/sources/hemant_good_200.csv,mapped,GVT&D
hemant_good_200,Hemant Good 200,FORCEMOT,11573,NSE_EQ,EQUITY,Force Motors,EQ,data/universes/sources/hemant_good_200.csv,mapped,FORCEMOT
hemant_good_200,Hemant Good 200,MEDANTA,11956,NSE_EQ,EQUITY,Global Health,EQ,data/universes/sources/hemant_good_200.csv,mapped,MEDANTA
hemant_good_200,Hemant Good 200,SUMICHEM,17105,NSE_EQ,EQUITY,Sumitomo Chemical,EQ,data/universes/sources/hemant_good_200.csv,mapped,SUMICHEM
hemant_good_200,Hemant Good 200,HSCL,14334,NSE_EQ,EQUITY,Himadri Speciality Chemical,EQ,data/universes/sources/hemant_good_200.csv,mapped,HSCL
hemant_good_200,Hemant Good 200,CAPLIPOINT,3906,NSE_EQ,EQUITY,Caplin Point Laboratories,EQ,data/universes/sources/hemant_good_200.csv,mapped,CAPLIPOINT
hemant_good_200,Hemant Good 200,ECLERX,15179,NSE_EQ,EQUITY,eClerx Services,EQ,data/universes/sources/hemant_good_200.csv,mapped,ECLERX
hemant_good_200,Hemant Good 200,CROMPTON,17094,NSE_EQ,EQUITY,Crompton Greaves,EQ,data/universes/sources/hemant_good_200.csv,mapped,CROMPTON
hemant_good_200,Hemant Good 200,TANLA,13976,NSE_EQ,EQUITY,Tanla Platforms,EQ,data/universes/sources/hemant_good_200.csv,mapped,TANLA
hemant_good_200,Hemant Good 200,BAYERCROP,17927,NSE_EQ,EQUITY,Bayer Crop Science,EQ,data/universes/sources/hemant_good_200.csv,mapped,BAYERCROP
hemant_good_200,Hemant Good 200,ASTRAL,14418,NSE_EQ,EQUITY,Astral,EQ,data/universes/sources/hemant_good_200.csv,mapped,ASTRAL
hemant_good_200,Hemant Good 200,RATNAMANI,13451,NSE_EQ,EQUITY,Ratnamani Metals & Tubes,EQ,data/universes/sources/hemant_good_200.csv,mapped,RATNAMANI
hemant_good_200,Hemant Good 200,HONAUT,3417,NSE_EQ,EQUITY,Honeywell Automation,EQ,data/universes/sources/hemant_good_200.csv,mapped,HONAUT
hemant_good_200,Hemant Good 200,SKFINDIA,3186,NSE_EQ,EQUITY,SKF India,EQ,data/universes/sources/hemant_good_200.csv,mapped,SKFINDIA
hemant_good_200,Hemant Good 200,FINCABLES,1038,NSE_EQ,EQUITY,Finolex Cables,EQ,data/universes/sources/hemant_good_200.csv,mapped,FINCABLES
hemant_good_200,Hemant Good 200,GANESHHOUC,,,,,,data/universes/sources/hemant_good_200.csv,missing_security_id,GANESHHOUC
hemant_good_200,Hemant Good 200,BLUESTARCO,8311,NSE_EQ,EQUITY,Blue Star,EQ,data/universes/sources/hemant_good_200.csv,mapped,BLUESTARCO
hemant_good_200,Hemant Good 200,SUNDRMFAST,3345,NSE_EQ,EQUITY,Sundram Fasteners,EQ,data/universes/sources/hemant_good_200.csv,mapped,SUNDRMFAST
hemant_good_200,Hemant Good 200,CSBBANK,14966,NSE_EQ,EQUITY,CSB Bank,EQ,data/universes/sources/hemant_good_200.csv,mapped,CSBBANK
hemant_good_200,Hemant Good 200,3MINDIA,474,NSE_EQ,EQUITY,3M India,EQ,data/universes/sources/hemant_good_200.csv,mapped,3MINDIA
hemant_good_200,Hemant Good 200,BDL,2144,NSE_EQ,EQUITY,Bharat Dynamics,EQ,data/universes/sources/hemant_good_200.csv,mapped,BDL
hemant_good_200,Hemant Good 200,NBCC,31415,NSE_EQ,EQUITY,NBCC,EQ,data/universes/sources/hemant_good_200.csv,mapped,NBCC
hemant_good_200,Hemant Good 200,BSOFT,6994,NSE_EQ,EQUITY,Birlasoft,EQ,data/universes/sources/hemant_good_200.csv,mapped,BSOFT
hemant_good_200,Hemant Good 200,SONACOMS,4684,NSE_EQ,EQUITY,Sona BLW Precision Forgings,EQ,data/universes/sources/hemant_good_200.csv,mapped,SONACOMS
hemant_good_200,Hemant Good 200,GHCL,1127,NSE_EQ,EQUITY,GHCL,EQ,data/universes/sources/hemant_good_200.csv,mapped,GHCL
hemant_good_200,Hemant Good 200,BASF,368,NSE_EQ,EQUITY,BASF,EQ,data/universes/sources/hemant_good_200.csv,mapped,BASF
hemant_good_200,Hemant Good 200,PFIZER,2643,NSE_EQ,EQUITY,Pfizer,EQ,data/universes/sources/hemant_good_200.csv,mapped,PFIZER
hemant_good_200,Hemant Good 200,KANSAINER,1196,NSE_EQ,EQUITY,Kansai Nerolac Paints,EQ,data/universes/sources/hemant_good_200.csv,mapped,KANSAINER
hemant_good_200,Hemant Good 200,MSUMI,8596,NSE_EQ,EQUITY,Motherson Sumi Wiring,EQ,data/universes/sources/hemant_good_200.csv,mapped,MSUMI
hemant_good_200,Hemant Good 200,CYIENT,5748,NSE_EQ,EQUITY,Cyient,EQ,data/universes/sources/hemant_good_200.csv,mapped,CYIENT
hemant_good_200,Hemant Good 200,KEI,13310,NSE_EQ,EQUITY,KEI Industries,EQ,data/universes/sources/hemant_good_200.csv,mapped,KEI
hemant_good_200,Hemant Good 200,JBCHEPHARM,1726,NSE_EQ,EQUITY,J B Chemicals and Pharmaceuticals,EQ,data/universes/sources/hemant_good_200.csv,mapped,JBCHEPHARM
hemant_good_200,Hemant Good 200,TATATECH,20293,NSE_EQ,EQUITY,Tata Technologies,EQ,data/universes/sources/hemant_good_200.csv,mapped,TATATECH
hemant_good_200,Hemant Good 200,ZENSARTECH,1076,NSE_EQ,EQUITY,Zensar Technologies,EQ,data/universes/sources/hemant_good_200.csv,mapped,ZENSARTECH
hemant_good_200,Hemant Good 200,CRISIL,757,NSE_EQ,EQUITY,CRISIL,EQ,data/universes/sources/hemant_good_200.csv,mapped,CRISIL
hemant_good_200,Hemant Good 200,PAGEIND,14413,NSE_EQ,EQUITY,Page Industries,EQ,data/universes/sources/hemant_good_200.csv,mapped,PAGEIND
hemant_good_200,Hemant Good 200,DEEPAKNTR,19943,NSE_EQ,EQUITY,Deepak Nitrite,EQ,data/universes/sources/hemant_good_200.csv,mapped,DEEPAKNTR
hemant_good_200,Hemant Good 200,JSFB,22663,NSE_EQ,EQUITY,Jana Small Finance Bank,EQ,data/universes/sources/hemant_good_200.csv,mapped,JSFB
hemant_good_200,Hemant Good 200,EIHOTEL,919,NSE_EQ,EQUITY,EIH Hotels,EQ,data/universes/sources/hemant_good_200.csv,mapped,EIHOTEL
hemant_good_200,Hemant Good 200,APTUS,5435,NSE_EQ,EQUITY,Aptus Value Housing Finance,EQ,data/universes/sources/hemant_good_200.csv,mapped,APTUS
hemant_good_200,Hemant Good 200,PGHH,2535,NSE_EQ,EQUITY,P&G Hygiene and Health Care,EQ,data/universes/sources/hemant_good_200.csv,mapped,PGHH
hemant_good_200,Hemant Good 200,MAHSEAMLES,2088,NSE_EQ,EQUITY,Maharashtra Seamless,EQ,data/universes/sources/hemant_good_200.csv,mapped,MAHSEAMLES
hemant_good_200,Hemant Good 200,BSE,19585,NSE_EQ,EQUITY,BSE,EQ,data/universes/sources/hemant_good_200.csv,mapped,BSE
hemant_good_200,Hemant Good 200,KPITTECH,9683,NSE_EQ,EQUITY,KPIT Technologies,EQ,data/universes/sources/hemant_good_200.csv,mapped,KPITTECH
hemant_good_200,Hemant Good 200,COFORGE,11543,NSE_EQ,EQUITY,Coforge,EQ,data/universes/sources/hemant_good_200.csv,mapped,COFORGE
hemant_good_200,Hemant Good 200,EMAMILTD,13517,NSE_EQ,EQUITY,Emami,EQ,data/universes/sources/hemant_good_200.csv,mapped,EMAMILTD
hemant_good_200,Hemant Good 200,STARHEALTH,7083,NSE_EQ,EQUITY,Star Health Insurance,EQ,data/universes/sources/hemant_good_200.csv,mapped,STARHEALTH
hemant_good_200,Hemant Good 200,ENDURANCE,18822,NSE_EQ,EQUITY,Endurance Technologies,EQ,data/universes/sources/hemant_good_200.csv,mapped,ENDURANCE
hemant_good_200,Hemant Good 200,UTIAMC,527,NSE_EQ,EQUITY,UTI AMC,EQ,data/universes/sources/hemant_good_200.csv,mapped,UTIAMC
hemant_good_200,Hemant Good 200,APARINDS,11491,NSE_EQ,EQUITY,Apar Industries,EQ,data/universes/sources/hemant_good_200.csv,mapped,APARINDS
hemant_good_200,Hemant Good 200,GPIL,13409,NSE_EQ,EQUITY,Godawari Power & Ispat,EQ,data/universes/sources/hemant_good_200.csv,mapped,GPIL
hemant_good_200,Hemant Good 200,TATAELXSI,3411,NSE_EQ,EQUITY,Tata Elxsi,EQ,data/universes/sources/hemant_good_200.csv,mapped,TATAELXSI
hemant_good_200,Hemant Good 200,533095,,,,,,data/universes/sources/hemant_good_200.csv,missing_security_id,533095
hemant_good_200,Hemant Good 200,EIDPARRY,916,NSE_EQ,EQUITY,EID Parry,EQ,data/universes/sources/hemant_good_200.csv,mapped,EIDPARRY
hemant_good_200,Hemant Good 200,TIINDIA,312,NSE_EQ,EQUITY,Tube Investment,EQ,data/universes/sources/hemant_good_200.csv,mapped,TIINDIA
hemant_good_200,Hemant Good 200,COCHINSHIP,21508,NSE_EQ,EQUITY,Cochin Shipyard,EQ,data/universes/sources/hemant_good_200.csv,mapped,COCHINSHIP
hemant_good_200,Hemant Good 200,KPRMILL,14912,NSE_EQ,EQUITY,KPR Mill,EQ,data/universes/sources/hemant_good_200.csv,mapped,KPRMILL
hemant_good_200,Hemant Good 200,CIEINDIA,14937,NSE_EQ,EQUITY,CIE Automotive,EQ,data/universes/sources/hemant_good_200.csv,mapped,CIEINDIA
hemant_good_200,Hemant Good 200,CANFINHOME,583,NSE_EQ,EQUITY,Can Fin Homes,EQ,data/universes/sources/hemant_good_200.csv,mapped,CANFINHOME
hemant_good_200,Hemant Good 200,GLAXO,1153,NSE_EQ,EQUITY,GlaxoSmithKline Pharmaceuticals,EQ,data/universes/sources/hemant_good_200.csv,mapped,GLAXO
hemant_good_200,Hemant Good 200,AADHARHFC,23729,NSE_EQ,EQUITY,Aadhar Housing Finance,EQ,data/universes/sources/hemant_good_200.csv,mapped,AADHARHFC
hemant_good_200,Hemant Good 200,CREDITACC,4421,NSE_EQ,EQUITY,Credit Access Grameen,EQ,data/universes/sources/hemant_good_200.csv,mapped,CREDITACC
hemant_good_200,Hemant Good 200,AJANTPHARM,8124,NSE_EQ,EQUITY,Ajanta Pharma,EQ,data/universes/sources/hemant_good_200.csv,mapped,AJANTPHARM
hemant_good_200,Hemant Good 200,ABSLAMC,6018,NSE_EQ,EQUITY,Aditya Birla Sun Life AMC,EQ,data/universes/sources/hemant_good_200.csv,mapped,ABSLAMC
hemant_good_200,Hemant Good 200,CASTROLIND,1250,NSE_EQ,EQUITY,Castrol,EQ,data/universes/sources/hemant_good_200.csv,mapped,CASTROLIND
hemant_good_200,Hemant Good 200,CGPOWER,760,NSE_EQ,EQUITY,CG Power & Industrial Solutions,EQ,data/universes/sources/hemant_good_200.csv,mapped,CGPOWER
hemant_good_200,Hemant Good 200,ARE&M,100,NSE_EQ,EQUITY,Amara Raja Energy & Mobility,EQ,data/universes/sources/hemant_good_200.csv,mapped,ARE&M
hemant_good_200,Hemant Good 200,UJJIVANSFB,15228,NSE_EQ,EQUITY,Ujjivan Small Finance Bank,EQ,data/universes/sources/hemant_good_200.csv,mapped,UJJIVANSFB
hemant_good_200,Hemant Good 200,SCHAEFFLER,1011,NSE_EQ,EQUITY,Schaeffler India,EQ,data/universes/sources/hemant_good_200.csv,mapped,SCHAEFFLER
hemant_good_200,Hemant Good 200,WAAREEENER,25907,NSE_EQ,EQUITY,Waaree Energies,EQ,data/universes/sources/hemant_good_200.csv,mapped,WAAREEENER
hemant_good_200,Hemant Good 200,SUPREMEIND,3363,NSE_EQ,EQUITY,Supreme Industries,EQ,data/universes/sources/hemant_good_200.csv,mapped,SUPREMEIND
hemant_good_200,Hemant Good 200,FIVESTAR,12032,NSE_EQ,EQUITY,Five Star Business Finance,EQ,data/universes/sources/hemant_good_200.csv,mapped,FIVESTAR
hemant_good_200,Hemant Good 200,AIAENG,13086,NSE_EQ,EQUITY,AIA Engineering,EQ,data/universes/sources/hemant_good_200.csv,mapped,AIAENG
hemant_good_200,Hemant Good 200,GODFRYPHLP,1181,NSE_EQ,EQUITY,Godfrey Phillips,EQ,data/universes/sources/hemant_good_200.csv,mapped,GODFRYPHLP
hemant_good_200,Hemant Good 200,MGL,17534,NSE_EQ,EQUITY,Mahanagar Gas,EQ,data/universes/sources/hemant_good_200.csv,mapped,MGL
hemant_good_200,Hemant Good 200,MAXHEALTH,22377,NSE_EQ,EQUITY,Max Healthcare Institute,EQ,data/universes/sources/hemant_good_200.csv,mapped,MAXHEALTH
hemant_good_200,Hemant Good 200,NAVA,4014,NSE_EQ,EQUITY,Nava,EQ,data/universes/sources/hemant_good_200.csv,mapped,NAVA
hemant_good_200,Hemant Good 200,IIFL,11809,NSE_EQ,EQUITY,IIFL Finance,EQ,data/universes/sources/hemant_good_200.csv,mapped,IIFL
hemant_good_200,Hemant Good 200,360ONE,13061,NSE_EQ,EQUITY,360 One WAM,EQ,data/universes/sources/hemant_good_200.csv,mapped,360ONE
hemant_good_200,Hemant Good 200,TVSHLTD,29008,NSE_EQ,EQUITY,TVS Holdings,EQ,data/universes/sources/hemant_good_200.csv,mapped,TVSHLTD
hemant_good_200,Hemant Good 200,BERGEPAINT,404,NSE_EQ,EQUITY,Berger Paints,EQ,data/universes/sources/hemant_good_200.csv,mapped,BERGEPAINT
hemant_good_200,Hemant Good 200,ESCORTS,958,NSE_EQ,EQUITY,Escorts Kubota,EQ,data/universes/sources/hemant_good_200.csv,mapped,ESCORTS
hemant_good_200,Hemant Good 200,HEXT,29666,NSE_EQ,EQUITY,Hexaware Technologies,EQ,data/universes/sources/hemant_good_200.csv,mapped,HEXT
hemant_good_200,Hemant Good 200,REDINGTON,14255,NSE_EQ,EQUITY,Redington,EQ,data/universes/sources/hemant_good_200.csv,mapped,REDINGTON
hemant_good_200,Hemant Good 200,GUJGASLTD,10599,NSE_EQ,EQUITY,Gujarat Gas,EQ,data/universes/sources/hemant_good_200.csv,mapped,GUJGASLTD
hemant_good_200,Hemant Good 200,IRCTC,13611,NSE_EQ,EQUITY,IRCTC,EQ,data/universes/sources/hemant_good_200.csv,mapped,IRCTC
hemant_good_200,Hemant Good 200,LTTS,18564,NSE_EQ,EQUITY,L&T Technology Services,EQ,data/universes/sources/hemant_good_200.csv,mapped,LTTS
hemant_good_200,Hemant Good 200,PERSISTENT,18365,NSE_EQ,EQUITY,Persistent Systems,EQ,data/universes/sources/hemant_good_200.csv,mapped,PERSISTENT
hemant_good_200,Hemant Good 200,NAM-INDIA,357,NSE_EQ,EQUITY,Nippon Life India AMC,EQ,data/universes/sources/hemant_good_200.csv,mapped,NAM-INDIA
hemant_good_200,Hemant Good 200,ABBOTINDIA,17903,NSE_EQ,EQUITY,Abbott,EQ,data/universes/sources/hemant_good_200.csv,mapped,ABBOTINDIA
hemant_good_200,Hemant Good 200,GSPL,,,,,,data/universes/sources/hemant_good_200.csv,missing_security_id,GSPL
hemant_good_200,Hemant Good 200,HAVELLS,9819,NSE_EQ,EQUITY,Havells,EQ,data/universes/sources/hemant_good_200.csv,mapped,HAVELLS
hemant_good_200,Hemant Good 200,COLPAL,15141,NSE_EQ,EQUITY,Colgate Palmolive,EQ,data/universes/sources/hemant_good_200.csv,mapped,COLPAL
hemant_good_200,Hemant Good 200,UNITDSPR,10447,NSE_EQ,EQUITY,United Spirits,EQ,data/universes/sources/hemant_good_200.csv,mapped,UNITDSPR
hemant_good_200,Hemant Good 200,IGL,11262,NSE_EQ,EQUITY,Indraprastha Gas,EQ,data/universes/sources/hemant_good_200.csv,mapped,IGL
hemant_good_200,Hemant Good 200,LLOYDSME,17313,NSE_EQ,EQUITY,Lloyds Metals & Energy,EQ,data/universes/sources/hemant_good_200.csv,mapped,LLOYDSME
hemant_good_200,Hemant Good 200,MARICO,4067,NSE_EQ,EQUITY,Marico,EQ,data/universes/sources/hemant_good_200.csv,mapped,MARICO
hemant_good_200,Hemant Good 200,CHAMBLFERT,637,NSE_EQ,EQUITY,Chambal Fertilisers & Chemicals,EQ,data/universes/sources/hemant_good_200.csv,mapped,CHAMBLFERT
hemant_good_200,Hemant Good 200,COROMANDEL,739,NSE_EQ,EQUITY,Coromandel International,EQ,data/universes/sources/hemant_good_200.csv,mapped,COROMANDEL
hemant_good_200,Hemant Good 200,MPHASIS,4503,NSE_EQ,EQUITY,Mphasis,EQ,data/universes/sources/hemant_good_200.csv,mapped,MPHASIS
hemant_good_200,Hemant Good 200,IREDA,20261,NSE_EQ,EQUITY,IREDA,EQ,data/universes/sources/hemant_good_200.csv,mapped,IREDA
hemant_good_200,Hemant Good 200,PIIND,24184,NSE_EQ,EQUITY,PI Industries,EQ,data/universes/sources/hemant_good_200.csv,mapped,PIIND
hemant_good_200,Hemant Good 200,SUNTV,13404,NSE_EQ,EQUITY,Sun TV Network,EQ,data/universes/sources/hemant_good_200.csv,mapped,SUNTV
hemant_good_200,Hemant Good 200,MRF,2277,NSE_EQ,EQUITY,MRF,EQ,data/universes/sources/hemant_good_200.csv,mapped,MRF
hemant_good_200,Hemant Good 200,DABUR,772,NSE_EQ,EQUITY,Dabur India,EQ,data/universes/sources/hemant_good_200.csv,mapped,DABUR
hemant_good_200,Hemant Good 200,POLYCAB,9590,NSE_EQ,EQUITY,Polycab,EQ,data/universes/sources/hemant_good_200.csv,mapped,POLYCAB
hemant_good_200,Hemant Good 200,NATCOPHARM,3918,NSE_EQ,EQUITY,Natco Pharma,EQ,data/universes/sources/hemant_good_200.csv,mapped,NATCOPHARM
hemant_good_200,Hemant Good 200,ABB,13,NSE_EQ,EQUITY,ABB,EQ,data/universes/sources/hemant_good_200.csv,mapped,ABB
hemant_good_200,Hemant Good 200,KARURVYSYA,1838,NSE_EQ,EQUITY,Karur Vysya Bank,EQ,data/universes/sources/hemant_good_200.csv,mapped,KARURVYSYA
hemant_good_200,Hemant Good 200,MANKIND,15380,NSE_EQ,EQUITY,Mankind Pharma,EQ,data/universes/sources/hemant_good_200.csv,mapped,MANKIND
hemant_good_200,Hemant Good 200,CUMMINSIND,1901,NSE_EQ,EQUITY,Cummins,EQ,data/universes/sources/hemant_good_200.csv,mapped,CUMMINSIND
hemant_good_200,Hemant Good 200,BAJAJHFL,25270,NSE_EQ,EQUITY,Bajaj Housing Finance,EQ,data/universes/sources/hemant_good_200.csv,mapped,BAJAJHFL
hemant_good_200,Hemant Good 200,MANAPPURAM,19061,NSE_EQ,EQUITY,Manappuram Finance,EQ,data/universes/sources/hemant_good_200.csv,mapped,MANAPPURAM
hemant_good_200,Hemant Good 200,PIDILITIND,2664,NSE_EQ,EQUITY,Pidilite Industries,EQ,data/universes/sources/hemant_good_200.csv,mapped,PIDILITIND
hemant_good_200,Hemant Good 200,BOSCHLTD,2181,NSE_EQ,EQUITY,Bosch,EQ,data/universes/sources/hemant_good_200.csv,mapped,BOSCHLTD
hemant_good_200,Hemant Good 200,SBICARD,17971,NSE_EQ,EQUITY,SBI Cards,EQ,data/universes/sources/hemant_good_200.csv,mapped,SBICARD
hemant_good_200,Hemant Good 200,DIVISLAB,10940,NSE_EQ,EQUITY,Divis Laboratories,EQ,data/universes/sources/hemant_good_200.csv,mapped,DIVISLAB
hemant_good_200,Hemant Good 200,CHOLAHLDNG,21740,NSE_EQ,EQUITY,Cholamandalam Financial Holdings,EQ,data/universes/sources/hemant_good_200.csv,mapped,CHOLAHLDNG
hemant_good_200,Hemant Good 200,J&KBANK,5633,NSE_EQ,EQUITY,Jammu & Kashmir Bank,EQ,data/universes/sources/hemant_good_200.csv,mapped,J&KBANK
hemant_good_200,Hemant Good 200,ALKEM,11703,NSE_EQ,EQUITY,Alkem Laboratories,EQ,data/universes/sources/hemant_good_200.csv,mapped,ALKEM
hemant_good_200,Hemant Good 200,SIEMENS,3150,NSE_EQ,EQUITY,Siemens,EQ,data/universes/sources/hemant_good_200.csv,mapped,SIEMENS
hemant_good_200,Hemant Good 200,OFSS,10738,NSE_EQ,EQUITY,Oracle Financial Services Software,EQ,data/universes/sources/hemant_good_200.csv,mapped,OFSS
hemant_good_200,Hemant Good 200,HDFCAMC,4244,NSE_EQ,EQUITY,HDFC AMC,EQ,data/universes/sources/hemant_good_200.csv,mapped,HDFCAMC
hemant_good_200,Hemant Good 200,GESHIP,13776,NSE_EQ,EQUITY,Great Eastern Shipping Company,EQ,data/universes/sources/hemant_good_200.csv,mapped,GESHIP
hemant_good_200,Hemant Good 200,ACC,22,NSE_EQ,EQUITY,ACC,EQ,data/universes/sources/hemant_good_200.csv,mapped,ACC
hemant_good_200,Hemant Good 200,ICICIGI,21770,NSE_EQ,EQUITY,ICICI Lombard General Insurance,EQ,data/universes/sources/hemant_good_200.csv,mapped,ICICIGI
hemant_good_200,Hemant Good 200,OBEROIRLTY,20242,NSE_EQ,EQUITY,Oberoi Realty,EQ,data/universes/sources/hemant_good_200.csv,mapped,OBEROIRLTY
hemant_good_200,Hemant Good 200,VBL,18921,NSE_EQ,EQUITY,Varun Beverages,EQ,data/universes/sources/hemant_good_200.csv,mapped,VBL
hemant_good_200,Hemant Good 200,DMART,19913,NSE_EQ,EQUITY,Avenue Supermarts DMart,EQ,data/universes/sources/hemant_good_200.csv,mapped,DMART
hemant_good_200,Hemant Good 200,MAZDOCK,509,NSE_EQ,EQUITY,Mazagon Dock Shipbuilders,EQ,data/universes/sources/hemant_good_200.csv,mapped,MAZDOCK
hemant_good_200,Hemant Good 200,LUPIN,10440,NSE_EQ,EQUITY,Lupin,EQ,data/universes/sources/hemant_good_200.csv,mapped,LUPIN
hemant_good_200,Hemant Good 200,NESTLEIND,17963,NSE_EQ,EQUITY,Nestle,EQ,data/universes/sources/hemant_good_200.csv,mapped,NESTLEIND
hemant_good_200,Hemant Good 200,PETRONET,11351,NSE_EQ,EQUITY,Petronet LNG,EQ,data/universes/sources/hemant_good_200.csv,mapped,PETRONET
hemant_good_200,Hemant Good 200,NATIONALUM,6364,NSE_EQ,EQUITY,NALCO,EQ,data/universes/sources/hemant_good_200.csv,mapped,NATIONALUM
hemant_good_200,Hemant Good 200,AIIL,23553,NSE_EQ,EQUITY,Authum Inv & Infr,EQ,data/universes/sources/hemant_good_200.csv,mapped,AIIL
hemant_good_200,Hemant Good 200,CHOLAFIN,685,NSE_EQ,EQUITY,Cholamandalam Investment,EQ,data/universes/sources/hemant_good_200.csv,mapped,CHOLAFIN
hemant_good_200,Hemant Good 200,HEROMOTOCO,1348,NSE_EQ,EQUITY,Hero Motocorp,EQ,data/universes/sources/hemant_good_200.csv,mapped,HEROMOTOCO
hemant_good_200,Hemant Good 200,ASIANPAINT,236,NSE_EQ,EQUITY,Asian Paints,EQ,data/universes/sources/hemant_good_200.csv,mapped,ASIANPAINT
hemant_good_200,Hemant Good 200,EICHERMOT,910,NSE_EQ,EQUITY,Eicher Motors,EQ,data/universes/sources/hemant_good_200.csv,mapped,EICHERMOT
hemant_good_200,Hemant Good 200,ZYDUSLIFE,7929,NSE_EQ,EQUITY,Zydus Life Science,EQ,data/universes/sources/hemant_good_200.csv,mapped,ZYDUSLIFE
hemant_good_200,Hemant Good 200,LTIM,,,,,,data/universes/sources/hemant_good_200.csv,missing_security_id,LTIM
hemant_good_200,Hemant Good 200,MUTHOOTFIN,23650,NSE_EQ,EQUITY,Muthoot Finance,EQ,data/universes/sources/hemant_good_200.csv,mapped,MUTHOOTFIN
hemant_good_200,Hemant Good 200,CIPLA,694,NSE_EQ,EQUITY,Cipla,EQ,data/universes/sources/hemant_good_200.csv,mapped,CIPLA
hemant_good_200,Hemant Good 200,BEL,383,NSE_EQ,EQUITY,Bharat Electronics,EQ,data/universes/sources/hemant_good_200.csv,mapped,BEL
hemant_good_200,Hemant Good 200,LICHSGFIN,1997,NSE_EQ,EQUITY,LIC Housing Finance,EQ,data/universes/sources/hemant_good_200.csv,mapped,LICHSGFIN
hemant_good_200,Hemant Good 200,MAHABANK,11377,NSE_EQ,EQUITY,Bank of Maharashtra,EQ,data/universes/sources/hemant_good_200.csv,mapped,MAHABANK
hemant_good_200,Hemant Good 200,DRREDDY,881,NSE_EQ,EQUITY,Dr Reddys Laboratories,EQ,data/universes/sources/hemant_good_200.csv,mapped,DRREDDY
hemant_good_200,Hemant Good 200,HYUNDAI,25844,NSE_EQ,EQUITY,Hyundai Motor India,EQ,data/universes/sources/hemant_good_200.csv,mapped,HYUNDAI
hemant_good_200,Hemant Good 200,NMDC,15332,NSE_EQ,EQUITY,NMDC,EQ,data/universes/sources/hemant_good_200.csv,mapped,NMDC
hemant_good_200,Hemant Good 200,INDUSINDBK,5258,NSE_EQ,EQUITY,Indusind Bank,EQ,data/universes/sources/hemant_good_200.csv,mapped,INDUSINDBK
hemant_good_200,Hemant Good 200,GICRE,277,NSE_EQ,EQUITY,GIC of India,EQ,data/universes/sources/hemant_good_200.csv,mapped,GICRE
hemant_good_200,Hemant Good 200,BAJAJ-AUTO,16669,NSE_EQ,EQUITY,Bajaj Auto,EQ,data/universes/sources/hemant_good_200.csv,mapped,BAJAJ-AUTO
hemant_good_200,Hemant Good 200,SHRIRAMFIN,4306,NSE_EQ,EQUITY,Shriram Finance,EQ,data/universes/sources/hemant_good_200.csv,mapped,SHRIRAMFIN
hemant_good_200,Hemant Good 200,BAJAJFINSV,16675,NSE_EQ,EQUITY,Bajaj Finserv,EQ,data/universes/sources/hemant_good_200.csv,mapped,BAJAJFINSV
hemant_good_200,Hemant Good 200,HAL,2303,NSE_EQ,EQUITY,Hindustan Aeronautics,EQ,data/universes/sources/hemant_good_200.csv,mapped,HAL
hemant_good_200,Hemant Good 200,HINDUNILVR,1394,NSE_EQ,EQUITY,Hindustan Unilever,EQ,data/universes/sources/hemant_good_200.csv,mapped,HINDUNILVR
hemant_good_200,Hemant Good 200,INDIANB,14309,NSE_EQ,EQUITY,Indian Bank,EQ,data/universes/sources/hemant_good_200.csv,mapped,INDIANB
hemant_good_200,Hemant Good 200,SUNPHARMA,3351,NSE_EQ,EQUITY,Sun Pharmaceutical,EQ,data/universes/sources/hemant_good_200.csv,mapped,SUNPHARMA
hemant_good_200,Hemant Good 200,WIPRO,3787,NSE_EQ,EQUITY,Wipro,EQ,data/universes/sources/hemant_good_200.csv,mapped,WIPRO
hemant_good_200,Hemant Good 200,MARUTI,10999,NSE_EQ,EQUITY,Maruti Suzuki,EQ,data/universes/sources/hemant_good_200.csv,mapped,MARUTI
hemant_good_200,Hemant Good 200,RECLTD,15355,NSE_EQ,EQUITY,REC,EQ,data/universes/sources/hemant_good_200.csv,mapped,RECLTD
hemant_good_200,Hemant Good 200,BAJFINANCE,317,NSE_EQ,EQUITY,Bajaj Finance,EQ,data/universes/sources/hemant_good_200.csv,mapped,BAJFINANCE
hemant_good_200,Hemant Good 200,UNIONBANK,10753,NSE_EQ,EQUITY,Union Bank of India,EQ,data/universes/sources/hemant_good_200.csv,mapped,UNIONBANK
hemant_good_200,Hemant Good 200,CANBK,10794,NSE_EQ,EQUITY,Canara Bank,EQ,data/universes/sources/hemant_good_200.csv,mapped,CANBK
hemant_good_200,Hemant Good 200,HCLTECH,7229,NSE_EQ,EQUITY,HCL Technologies,EQ,data/universes/sources/hemant_good_200.csv,mapped,HCLTECH
hemant_good_200,Hemant Good 200,KOTAKBANK,1922,NSE_EQ,EQUITY,Kotak Bank,EQ,data/universes/sources/hemant_good_200.csv,mapped,KOTAKBANK
hemant_good_200,Hemant Good 200,ITC,1660,NSE_EQ,EQUITY,ITC,EQ,data/universes/sources/hemant_good_200.csv,mapped,ITC
hemant_good_200,Hemant Good 200,BANKBARODA,4668,NSE_EQ,EQUITY,Bank of Baroda,EQ,data/universes/sources/hemant_good_200.csv,mapped,BANKBARODA
hemant_good_200,Hemant Good 200,PFC,14299,NSE_EQ,EQUITY,Power Finance Corporation,EQ,data/universes/sources/hemant_good_200.csv,mapped,PFC
hemant_good_200,Hemant Good 200,INFY,1594,NSE_EQ,EQUITY,Infosys,EQ,data/universes/sources/hemant_good_200.csv,mapped,INFY
hemant_good_200,Hemant Good 200,AXISBANK,5900,NSE_EQ,EQUITY,Axis Bank,EQ,data/universes/sources/hemant_good_200.csv,mapped,AXISBANK
hemant_good_200,Hemant Good 200,COALINDIA,20374,NSE_EQ,EQUITY,Coal India,EQ,data/universes/sources/hemant_good_200.csv,mapped,COALINDIA
hemant_good_200,Hemant Good 200,LICI,9480,NSE_EQ,EQUITY,LIC of India,EQ,data/universes/sources/hemant_good_200.csv,mapped,LICI
hemant_good_200,Hemant Good 200,TCS,11536,NSE_EQ,EQUITY,Tata Consultancy Services,EQ,data/universes/sources/hemant_good_200.csv,mapped,TCS
hemant_good_200,Hemant Good 200,ICICIBANK,4963,NSE_EQ,EQUITY,ICICI Bank,EQ,data/universes/sources/hemant_good_200.csv,mapped,ICICIBANK
hemant_good_200,Hemant Good 200,HDFCBANK,1333,NSE_EQ,EQUITY,HDFC Bank,EQ,data/universes/sources/hemant_good_200.csv,mapped,HDFCBANK
hemant_good_200,Hemant Good 200,SBIN,3045,NSE_EQ,EQUITY,State Bank of India,EQ,data/universes/sources/hemant_good_200.csv,mapped,SBIN
hemant_good_200,Hemant Good 200,BLS,17279,NSE_EQ,EQUITY,BLS International Services,EQ,data/universes/sources/hemant_good_200.csv,mapped,BLS
hemant_good_200,Hemant Good 200,SUZLON,12018,NSE_EQ,EQUITY,Suzlon Energy,EQ,data/universes/sources/hemant_good_200.csv,mapped,SUZLON
